"chr","pos","A.count","C.count","G.count","T.count","A.count.ctrl","C.count.ctrl","G.count.ctrl","T.count.ctrl","reference","kmer","strand","NReads","mm.perc","ctrl.err","kmer.err","expected.err","p"
"chr1",35599725,0,1,0,4,0,0,0,3,"T","AATTT","-",5,20,0,0.880334154727737,0.880334154727737,0.0432485120209736
"chr1",35600042,0,2,0,2,0,0,0,1,"T","CATTC","-",4,50,0,4.70915919888645,4.70915919888645,0.0124850123956106
"chr1",35601896,1,4,0,32,2,1,0,37,"T","TTTGC","-",36,11.1111111111111,2.63157894736842,3.55096317618303,3.55096317618303,0.0379474838876779
"chr1",35602358,1,2,0,9,1,0,0,4,"T","AATTT","-",11,18.1818181818182,0,0.880334154727737,0.880334154727737,0.00404314255666044
"chr1",35602359,0,3,0,10,1,0,0,4,"T","ATTTC","-",13,23.0769230769231,0,5.81218000274634,5.81218000274634,0.0361904933483787
"chr1",35602454,1,2,0,4,2,0,0,2,"T","CTTCC","-",6,33.3333333333333,0,3.74144377261077,3.74144377261077,0.0189890669722494
"chr1",35602530,0,1,0,4,0,0,0,4,"T","AGTGA","-",5,20,0,0.890020683036054,0.890020683036054,0.0437159161988834
"chr1",35602634,0,1,0,4,0,0,0,5,"T","CCTGA","-",5,20,0,0.926357244783331,0.926357244783331,0.0454676371635722
"chr1",35602707,0,1,0,2,0,0,1,4,"T","AGTCC","-",3,33.3333333333333,0,0.865911227441477,0.865911227441477,0.0257530454092915
"chr1",35602767,1,1,0,1,0,0,0,5,"T","CCTAA","-",2,50,0,2.24475048882088,2.24475048882088,0.0443911193007114
"chr1",35602921,0,1,0,1,6,0,0,6,"T","AATCT","-",2,50,0,0.650852807352678,0.650852807352678,0.0129746952093697
"chr1",35603050,0,2,0,0,3,0,0,11,"T","CTTCT","-",2,100,0,3.31924517812356,3.31924517812356,0.00110173885524965
"chr1",35603232,1,28,0,147,14,46,0,363,"T","TTTTT","-",175,16,11.2469437652812,5.51368056979943,11.2469437652812,0.0354174705311216
"chr1",35603333,3,139,1,35,15,7,2,409,"T","GCTTG","-",174,79.8850574712644,1.68269230769231,3.39372940228256,3.39372940228256,1.13197153246409e-168
"chr1",35636323,4,8,0,125,24,11,0,360,"T","AATAT","-",133,6.01503759398496,2.96495956873315,0.901039031395818,2.96495956873315,0.0452265179126166
"chr1",35636397,0,11,0,102,54,18,0,310,"T","ATTAT","-",113,9.73451327433628,5.48780487804878,2.3646008722396,5.48780487804878,0.0465259178855089
